0.00101428789356243,2.240704958900308352e-01
1.860554658415884688e-03,4.886112649424537158e-01
2.577356890204918725e-03,7.936223071572685583e-01
3.192292420668327215e-03,1.139103622534475502e+00
3.725635466104300266e-03,1.525055211074074712e+00
4.192614814915282713e-03,1.951477072776065746e+00
4.689136180253627127e-03,2.413262000097281312e+00
5.271253923518142218e-03,2.904066554682915857e+00
5.902197924082920079e-03,3.422654505721332452e+00
6.549579522144148049e-03,3.969025853212531096e+00
7.195591264545088406e-03,4.543180597156510458e+00
7.830226448563133712e-03,5.145118737553271870e+00
8.447882666506862162e-03,5.774840274402815332e+00
9.045543024806972088e-03,6.432345207705140844e+00
9.621750160577639821e-03,7.117633537460247517e+00
1.017600321921652458e-02,7.830705263668134464e+00
1.073533062098693154e-02,8.567296652446939831e+00
1.132134331417521296e-02,9.322799704427053413e+00
1.192664563683123839e-02,1.009687015412072597e+01
1.254402778082190639e-02,1.088950800152796283e+01
1.316809568949144776e-02,1.170071324664876045e+01
1.379477669289256615e-02,1.253048588948311703e+01
1.442097542749563518e-02,1.337882593003103793e+01
1.504432955377102941e-02,1.424573336829251957e+01
1.566303325719201750e-02,1.513120820426756374e+01
1.627570772200342616e-02,1.603525043795616511e+01
1.688130474682380047e-02,1.695786006935833257e+01
1.747903412492525857e-02,1.789903709847405722e+01
1.806830831611307142e-02,1.885878152530334972e+01
1.864869986818412650e-02,1.983709334984619588e+01
1.922197973987260083e-02,2.083353870560931398e+01
1.979885065161049104e-02,2.184568103267817207e+01
2.038645902618808556e-02,2.287151763763154477e+01
2.098241328030309161e-02,2.391104852046941787e+01
2.158469008699222952e-02,2.496427368119180201e+01
2.219157148995553816e-02,2.603119311979869011e+01
2.280159426662802316e-02,2.711180683629008570e+01
2.341350885467090651e-02,2.820611483066598879e+01
2.402624580832739276e-02,2.931411710292639583e+01
2.463888823016986002e-02,3.043581365307131392e+01
2.525064897954007112e-02,3.157120448110073951e+01
2.586085172573110436e-02,3.272028958701466905e+01
2.646891511576134406e-02,3.388306897081310609e+01
2.707433948055150419e-02,3.505954263249603997e+01
2.767669562171181166e-02,3.624971057206349201e+01
2.827561531287738766e-02,3.745357278951545510e+01
2.887078322110251880e-02,3.867112928485192214e+01
2.946193001004462908e-02,3.990238005807288602e+01
3.004882643110759824e-02,4.114732510917836805e+01
3.063127824405239424e-02,4.240596443816835404e+01
3.121259452324393058e-02,4.367730783584579513e+01
3.179758890009996147e-02,4.495983187050388352e+01
3.238731064049636676e-02,4.625300331963283895e+01
3.298097800780002559e-02,4.755682218323265431e+01
3.357788718967023162e-02,4.887128846130332960e+01
3.417740367078718478e-02,5.019640215384487902e+01
3.477895470583422521e-02,5.153216326085728127e+01
3.538202273310921825e-02,5.287857178234055056e+01
3.598613959504531890e-02,5.423562771829467977e+01
3.659088145319060181e-02,5.560333106871967601e+01
3.719586430273584543e-02,5.698168183361552508e+01
3.780074000620038677e-02,5.837068001298224829e+01
3.840519277795604453e-02,5.977032560681982432e+01
3.900893606133737368e-02,6.118061861512828159e+01
3.961170974851822152e-02,6.260155903790759169e+01
4.021327770041641103e-02,6.403314687515775461e+01
4.081342552985926797e-02,6.547538212687878456e+01
4.141195861629162756e-02,6.692826479307069576e+01
4.200870032458980247e-02,6.839179487373345978e+01
4.260349040418882904e-02,6.986597236886706241e+01
4.319618354783809344e-02,7.135079727847151787e+01
4.378664809196002039e-02,7.284626960254689720e+01
4.437476484286728695e-02,7.435238934109311515e+01
4.496042601505540609e-02,7.586915649411018592e+01
4.554483277679693964e-02,7.739608848303761590e+01
4.613063432163921201e-02,7.893212620960335357e+01
4.671905224948588731e-02,8.047669315409586943e+01
4.730975522009398665e-02,8.202978931651516348e+01
4.790243505137779800e-02,8.359141469686122150e+01
4.849680491638071883e-02,8.516156929513404350e+01
4.909259770298191050e-02,8.674025311133367211e+01
4.968956451952397102e-02,8.832746614546006469e+01
5.028747333150249132e-02,8.992320839751322126e+01
5.088610771616162987e-02,9.152747986749318443e+01
5.148526572332559614e-02,9.314028055539989737e+01
5.208475883209684465e-02,9.476161046123340270e+01
5.268441099419074458e-02,9.639146958499368623e+01
5.328405775567673919e-02,9.802985792668071952e+01
5.388354544977771304e-02,9.967677548629455941e+01
5.448273045415291671e-02,1.013322222638351633e+02
5.508147850677638097e-02,1.029961982593025454e+02
5.567966407512729005e-02,1.046687034726966914e+02
5.627716977394612435e-02,1.063497379040176298e+02
5.687388582728558628e-02,1.080393015532653465e+02
5.746970957100873412e-02,1.097373944204398128e+02
5.806454499226337829e-02,1.114440165055410716e+02
5.865830230279679702e-02,1.131591678085691086e+02
5.925089754327469288e-02,1.148828483295239096e+02
5.984225221603611811e-02,1.166150580684055029e+02
6.043229294395544016e-02,1.183557970252138745e+02
6.102095115329744801e-02,1.201050651999490100e+02
6.160816277864428203e-02,1.218628625926109237e+02
6.219386798814646733e-02,1.236291892031996298e+02
6.277921719034949832e-02,1.254034610475030718e+02
6.336573294283709412e-02,1.271848857889194164e+02
6.395368967638317970e-02,1.289732550750589155e+02
6.454293459972870739e-02,1.307685689059214837e+02
6.513332277730633779e-02,1.325708272815072064e+02
6.572471667938170614e-02,1.343800302018160551e+02
6.631698576217889829e-02,1.361961776668480297e+02
6.691000607569305703e-02,1.380192696766031020e+02
6.750365989709190828e-02,1.398493062310812718e+02
6.809783538778757528e-02,1.416862873302825676e+02
6.869242627242232169e-02,1.435302129742070179e+02
6.928733153815976042e-02,1.453810831628545657e+02
6.988245515280519515e-02,1.472388978962252111e+02
7.047770580040174648e-02,1.491036571743190109e+02
7.107299663305734205e-02,1.509753609971359367e+02
7.166824503785879097e-02,1.528540093646759317e+02
7.226337241781942422e-02,1.547396022769390811e+02
7.285830398589110413e-02,1.566321397339253281e+02
7.345296857114581857e-02,1.585316217356347295e+02
7.404729843630196429e-02,1.604380482820672285e+02
7.464122910583367854e-02,1.623514193732228250e+02
7.523469920395897681e-02,1.642717350091015760e+02
7.582765030185593946e-02,1.661989951897034530e+02
7.642002677350404061e-02,1.681331999150284275e+02
7.701177565959264892e-02,1.700743491850765281e+02
7.760284653897960017e-02,1.720224429998477262e+02
7.819319140721957273e-02,1.739774813593420504e+02
7.878276456171751096e-02,1.759394642635595289e+02
7.937152249309291363e-02,1.779083917125000767e+02
7.995942378237086423e-02,1.798842637061638072e+02
8.054642900364208935e-02,1.818670802445505785e+02
8.113250063185942218e-02,1.838568413276605042e+02
8.171760295546055819e-02,1.858535469554935560e+02
8.230236204100169206e-02,1.878567830648678694e+02
8.288771581420352474e-02,1.898659248326453906e+02
8.347392175556415939e-02,1.918807614988699868e+02
8.406090164957183419e-02,1.939012930635415159e+02
8.464858036762816507e-02,1.959275195266600349e+02
8.523688573212384600e-02,1.979594408882255721e+02
8.582574838750439694e-02,1.999970571482381558e+02
8.641510167791252583e-02,2.020403683066977578e+02
8.700488153101938738e-02,2.040893743636043212e+02
8.759502634768495666e-02,2.061440753189578459e+02
8.818547689710953819e-02,2.082044711727584456e+02
8.877617621716228646e-02,2.102705619250060067e+02
8.936706951959134948e-02,2.123423475757005576e+02
8.995810409984110467e-02,2.144198281248421267e+02
9.054922925121773603e-02,2.165030035724306856e+02
9.114039618316205349e-02,2.185918739184662343e+02
9.173155794340309699e-02,2.206864391629488011e+02
9.232266934378013934e-02,2.227866993058783578e+02
9.291368688953449695e-02,2.248926543472549326e+02
9.350456871188356223e-02,2.270043042870784973e+02
9.409527450370232249e-02,2.291216491253490517e+02
9.468576545814710865e-02,2.312446888620666243e+02
9.527600421006693354e-02,2.333734234972312152e+02
9.586595478005645321e-02,2.355078530308427673e+02
9.645558252101377184e-02,2.376479774629013377e+02
9.704485406707404060e-02,2.397937967934069263e+02
9.763373728479718405e-02,2.419453110223594763e+02
9.822220122649559515e-02,2.441025201497590444e+02
9.881021608559376057e-02,2.462654241756056024e+02
9.939775315391818911e-02,2.484340230998991785e+02
9.998478478082177545e-02,2.506083169226397729e+02
1.005712843340519080e-01,2.527883056438273002e+02
1.011572261622768198e-01,2.549739892634619025e+02
1.017425855591900657e-01,2.571653677815435231e+02
1.023273387291158548e-01,2.593624411980720765e+02
1.029114627540438920e-01,2.615652095130476482e+02
1.034949355620253392e-01,2.637736727264701813e+02
1.040780032460765087e-01,2.659876125350425013e+02
1.046612626177158972e-01,2.682065173160335689e+02
1.052450314171910623e-01,2.704300937500092346e+02
1.058292671746810104e-01,2.726583418369697824e+02
1.064139287483357593e-01,2.748912615769149852e+02
1.069989762778238013e-01,2.771288529698450134e+02
1.075843711397842795e-01,2.793711160157596396e+02
1.081700759050919225e-01,2.816180507146591481e+02
1.087560542978513733e-01,2.838696570665433114e+02
1.093422711560384231e-01,2.861259350714122434e+02
1.099286923937128763e-01,2.883868847292659439e+02
1.105152849647300373e-01,2.906525060401043561e+02
1.111020168278822329e-01,2.929227990039275937e+02
1.116888569134056181e-01,2.951977636207353726e+02
1.122757750907896063e-01,2.974773998905280905e+02
1.128627421378319007e-01,2.997617078133055202e+02
1.134497297108819913e-01,3.020506873890676616e+02
1.140367103162214513e-01,3.043443386178144578e+02
1.146236572825299477e-01,3.066426614995461364e+02
1.152105447343909905e-01,3.089456560342624698e+02
1.157973475667898738e-01,3.112533222219635718e+02
1.163840414205630502e-01,3.135656600626493855e+02
1.169706026587567088e-01,3.158826695563199678e+02
1.175570083438560176e-01,3.182043507029753187e+02
1.181432362158482408e-01,3.205307035026153244e+02
1.187292646710841337e-01,3.228617279552401556e+02
1.193150727419046708e-01,3.251974240608496984e+02
1.199006400770001313e-01,3.275377918194440099e+02
1.204859469224726642e-01,3.298828312310230331e+02
1.210709741035717463e-01,3.322325422955867680e+02
1.216557030070758716e-01,3.345869250131353283e+02
1.222401155642943021e-01,3.369459793836685435e+02
1.228241942346625926e-01,3.393097054071865841e+02
1.234079219899092694e-01,3.416781030836892796e+02
1.239912822987700725e-01,3.440511724131768574e+02
1.245742591122280390e-01,3.464289133956490900e+02
1.251568368492583239e-01,3.488113260311060912e+02
1.257390003830587411e-01,3.511984103195477473e+02
1.263207350277458507e-01,3.535901662609741720e+02
1.269020265254992563e-01,3.559865938553853653e+02
1.274828610341363910e-01,3.583876931027813271e+02
1.280633242802138305e-01,3.607933577064468977e+02
1.286438003592165202e-01,3.632031582791953497e+02
1.292245677812857152e-01,3.656167717305550013e+02
1.298056027639694632e-01,3.680341980605257390e+02
1.303868821285774915e-01,3.704554372691076765e+02
1.309683832829804662e-01,3.728804893563007568e+02
1.315500842049845132e-01,3.753093543221049799e+02
1.321319634262596854e-01,3.777420321665202891e+02
1.327140000168004486e-01,3.801785228895467981e+02
1.332961735698982297e-01,3.826188264911845067e+02
1.338784641876064330e-01,3.850629429714333014e+02
1.344608524666785487e-01,3.875108723302932390e+02
1.350433194849627594e-01,3.899626145677643194e+02
1.356258467882348606e-01,3.924181696838465996e+02
1.362084163774538725e-01,3.948775376785399658e+02
1.367910106964238537e-01,3.973407185518445317e+02
1.373736126198478458e-01,3.998077123037602973e+02
1.379562054417588224e-01,4.022785189342872059e+02
1.385387728643143468e-01,4.047531384434252004e+02
1.391212989869413108e-01,4.072315708311743379e+02
1.397037682958183202e-01,4.097138160975346182e+02
1.402861656536838475e-01,4.121998742425060414e+02
1.408684762899577447e-01,4.146897452660886643e+02
1.414506857911659587e-01,4.171834291682823732e+02
1.420327800916565131e-01,4.196809259490872819e+02
1.426147454645977364e-01,4.221822356085033903e+02
1.431965685132481625e-01,4.246873581465306415e+02
1.437782361624881933e-01,4.271962935631689788e+02
1.443597356506055585e-01,4.297090418584184590e+02
1.449410545213247747e-01,4.322256030322790821e+02
1.455221806160729714e-01,4.347459770847508480e+02
1.461031020664732283e-01,4.372701640158337568e+02
1.466838072870584875e-01,4.397981638255278085e+02
1.472642849681977673e-01,4.423299765138332873e+02
1.478445240692286278e-01,4.448656020807496816e+02
1.484245138117870899e-01,4.474050405262772756e+02
1.490042436733307885e-01,4.499482918504159557e+02
1.495837033808470606e-01,4.524953560531657786e+02
1.501628829047403912e-01,4.550462331345267444e+02
1.507417724528938852e-01,4.576009230944989099e+02
1.513203624648984946e-01,4.601594259330822183e+02
1.518986436064441170e-01,4.627217416502766696e+02
1.524766067638685940e-01,4.652878702460822069e+02
1.530542430388580621e-01,4.678578117204988871e+02
1.536315437432947129e-01,4.704315660735268239e+02
1.542085945265606606e-01,4.730089988429684809e+02
1.547856416457827067e-01,4.755897435903412429e+02
1.553628343743301554e-01,4.781735683393596332e+02
1.559401592711011086e-01,4.807604730900235950e+02
1.565176031775173393e-01,4.833504578423331282e+02
1.570951532108389725e-01,4.859435225962881759e+02
1.576727967576645462e-01,4.885396673518889656e+02
1.582505214676118155e-01,4.911388921091351563e+02
1.588283152471735848e-01,4.937411968680270320e+02
1.594061662537419044e-01,4.963465816285645360e+02
1.599840628897965245e-01,4.989550463907476114e+02
1.605619937972514732e-01,5.015665911545762015e+02
1.611399478519550399e-01,5.041812159200504766e+02
1.617179141583385271e-01,5.067989206871702095e+02
1.622958820442091110e-01,5.094197054559355706e+02
1.628738410556817284e-01,5.120435702263465600e+02
1.634517809522464948e-01,5.146705149984031777e+02
1.640296917019671841e-01,5.173005397721053669e+02
1.646075634768062457e-01,5.199336445474530137e+02
1.651853866480729183e-01,5.225698293244463457e+02
1.657631517819911360e-01,5.252090941030853628e+02
1.663408496353829813e-01,5.278514388833698376e+02
1.669184711514633546e-01,5.304968636652996565e+02
1.674960074557449718e-01,5.331453684488753879e+02
1.680734498520479181e-01,5.357969532340965770e+02
1.686507898186116738e-01,5.384516180209635650e+02
1.692280190043070343e-01,5.411093628094760106e+02
1.698051292249435629e-01,5.437701875996340277e+02
1.703821124596715531e-01,5.464340923914376162e+02
1.709589608474741673e-01,5.491010771848867762e+02
1.715356666837478394e-01,5.517711419799817349e+02
1.721122224169688020e-01,5.544442867767219241e+02
1.726886206454416595e-01,5.571205115751079120e+02
1.732648541141298959e-01,5.597998163751393577e+02
1.738409157115639037e-01,5.624822011768166021e+02
1.744167984668256732e-01,5.651676659801393043e+02
1.749924955466072019e-01,5.678562107851074643e+02
1.755680002523406502e-01,5.705478355917214230e+02
1.761433060173989151e-01,5.732425403999808395e+02
1.767184064043634817e-01,5.759403252098859411e+02
1.772932951023583892e-01,5.786411900214365005e+02
1.778679659244487565e-01,5.813451348346327450e+02
1.784424128051010916e-01,5.840521596494746746e+02
1.790166297977043297e-01,5.867622644659619482e+02
1.795906110721501026e-01,5.894754492840951343e+02
1.801643509124703779e-01,5.921917141038735508e+02
1.807378437145299166e-01,5.949110589252977661e+02
1.813110839837744626e-01,5.976334837483675528e+02
1.818840742007016564e-01,6.003589734279100867e+02
1.824569717006285507e-01,6.030872139586994081e+02
1.830299243512559515e-01,6.058179064806812448e+02
1.836029244844952224e-01,6.085510509938559380e+02
1.841759645681937951e-01,6.112866474982232603e+02
1.847490372034101269e-01,6.140246959937833253e+02
1.853221351217541890e-01,6.167651964805362468e+02
1.858952511827897669e-01,6.195081489584819110e+02
1.864683783714983500e-01,6.222535534276200906e+02
1.870415097958019746e-01,6.250014098879512403e+02
1.876146386841445746e-01,6.277517183394750191e+02
1.881877583831286227e-01,6.305044787821915406e+02
1.887608623552070874e-01,6.332596912161006912e+02
1.893339441764280706e-01,6.360173556412028120e+02
1.899069975342321248e-01,6.387774720574975618e+02
1.904800162252990592e-01,6.415400404649850543e+02
1.910529941534440668e-01,6.443050608636652896e+02
1.916259253275620911e-01,6.470725332535382677e+02
1.921988038596180448e-01,6.498424576346039885e+02
1.927716239626829642e-01,6.526148340068623384e+02
1.933443799490136561e-01,6.553896623703134310e+02
1.939170662281756718e-01,6.581669427249572664e+02
1.944896773052081640e-01,6.609466750707939582e+02
1.950622077788294884e-01,6.637288594078232791e+02
1.956346523396821357e-01,6.665134957360454564e+02
1.962070057686168545e-01,6.693005840554602628e+02
1.967792629350144096e-01,6.720901243660678119e+02
1.973514187951437016e-01,6.748821166678681038e+02
1.979234683905559122e-01,6.776765609608612522e+02
1.984954068465142607e-01,6.804734572450469159e+02
1.990672293704559281e-01,6.832728055204255497e+02
1.996389312504895930e-01,6.860746057869968126e+02
2.002105078539233862e-01,6.888788580447608183e+02
2.007819546258250432e-01,6.916855622937175667e+02
2.013532670876130859e-01,6.944947185338670579e+02
2.019244408356773435e-01,6.973063267652092918e+02
2.024954715400299476e-01,7.001203869877441548e+02
2.030663549429826686e-01,7.029368992014719879e+02
2.036370868578546156e-01,7.057558634063922227e+02
2.042076631677054721e-01,7.085772796025053140e+02
2.047780798240953493e-01,7.114011477898112616e+02
2.053483328458712565e-01,7.142274679683098384e+02
2.059184183179780525e-01,7.170562401380011579e+02
2.064883323902942658e-01,7.198874642988853338e+02
2.070580712764920617e-01,7.227211404509622525e+02
2.076276312529205526e-01,7.255572685942316866e+02
2.081970086575118395e-01,7.283958487286939771e+02
2.087661998887096471e-01,7.312368808543490104e+02
2.093352014044196352e-01,7.340803649711967864e+02
2.099040097209811662e-01,7.369263010792373052e+02
2.104726214121595551e-01,7.397746891784705667e+02
2.110410331081589985e-01,7.426255292688965710e+02
2.116092997882752791e-01,7.454786673853905086e+02
2.121775190772395292e-01,7.483338357505257363e+02
2.127457298438778788e-01,7.511909205520004207e+02
2.133139278526986760e-01,7.540499217898142206e+02
2.138821089323754421e-01,7.569108394639677044e+02
2.144502689746453639e-01,7.597736735744606449e+02
2.150184039332294628e-01,7.626384241212931556e+02
2.155865098227748855e-01,7.655050911044651230e+02
2.161545827178185664e-01,7.683736745239762058e+02
2.167226187517713731e-01,7.712441743798268590e+02
2.172906141159235693e-01,7.741165906720170824e+02
2.178585650584693723e-01,7.769909234005467624e+02
2.184264678835512730e-01,7.798671725654157854e+02
2.189943189503228138e-01,7.827453381666243786e+02
2.195621146720312666e-01,7.856254202041723147e+02
2.201298515151168533e-01,7.885074186780597074e+02
2.206975259983304238e-01,7.913913335882865567e+02
2.212651346918690365e-01,7.942771649348527490e+02
2.218326742165270538e-01,7.971649127177586251e+02
2.224001412428650293e-01,8.000545769370037306e+02
2.229675324903942490e-01,8.029461575925885199e+02
2.235348447267767602e-01,8.058396546845125386e+02
2.241020747670416924e-01,8.087350682127760138e+02
2.246692194728154013e-01,8.116323981773790592e+02
2.252362757515678771e-01,8.145316445783216750e+02
2.258032405558725031e-01,8.174328074156034063e+02
2.263701108826797481e-01,8.203358866892249353e+02
2.269368837726062071e-01,8.232408823991855797e+02
2.275035563092347446e-01,8.261477945454859082e+02
2.280701256184302916e-01,8.290566231281255796e+02
2.286365888676667735e-01,8.319673681471045938e+02
2.292029432653671372e-01,8.348800296024231784e+02
2.297691860602563974e-01,8.377946074940811059e+02
2.303353145407257552e-01,8.407111018220787173e+02
2.309013260342094032e-01,8.436295125864156716e+02
2.314672179065721258e-01,8.465498397870919689e+02
2.320329875615085857e-01,8.494720834241077227e+02
2.325986324399540173e-01,8.523962434974628195e+02
2.331641500195048566e-01,8.553223200071576002e+02
2.337295378138511959e-01,8.582503129531918376e+02
2.342947933722183684e-01,8.611802223355654178e+02
2.348599142788194427e-01,8.641120481542784546e+02
2.354248981523175688e-01,8.670457904093308343e+02
2.359897426452976510e-01,8.699814491007227844e+02
2.365544454437482902e-01,8.729190242284541910e+02
2.371190042665522468e-01,8.758585157925251679e+02
2.376834168649867018e-01,8.787999237929352603e+02
2.382476810222318164e-01,8.817432482296849230e+02
2.388117945528886732e-01,8.846884891027740423e+02
2.393757553025054052e-01,8.876356464122027319e+02
2.399395611471119294e-01,8.905847201579708781e+02
2.405032099927627010e-01,8.935357103400782535e+02
2.410666997750876561e-01,8.964886169585251992e+02
2.416300284588509262e-01,8.994434400133116014e+02
2.421932091867046166e-01,9.024001231041569326e+02
2.427563006619471442e-01,9.053584399375163230e+02
2.433193462650900807e-01,9.083182206201254303e+02
2.438823437297292784e-01,9.112794651519841409e+02
2.444452908192794593e-01,9.142421735330922274e+02
2.450081853265284881e-01,9.172063457634502583e+02
2.455710250731997502e-01,9.201719818430578925e+02
2.461338079095220233e-01,9.231390817719152437e+02
2.466965317138073432e-01,9.261076455500219708e+02
2.472591943920353086e-01,9.290776731773785286e+02
2.478217938774462392e-01,9.320491646539849171e+02
2.483843281301400252e-01,9.350221199798407952e+02
2.489467951366824694e-01,9.379965391549463902e+02
2.495091929097190686e-01,9.409724221793014749e+02
2.500715194875941516e-01,9.439497690529062766e+02
2.506337729339780940e-01,9.469285797757607952e+02
2.511959513374998343e-01,9.499088543478649171e+02
2.517580528113864125e-01,9.528905927692186424e+02
2.523200754931081424e-01,9.558737950398217436e+02
2.528820175440300022e-01,9.588584611596750165e+02
2.534438771490697406e-01,9.618445911287775516e+02
2.540056525163601475e-01,9.648321849471300311e+02
2.545673418769190399e-01,9.678212426147317728e+02
2.551289434843226345e-01,9.708117641315836863e+02
2.556904556143869689e-01,9.738037494976846347e+02
2.562518765648518770e-01,9.767971987130357547e+02
2.568132046550729020e-01,9.797921117776361370e+02
2.573744382257162067e-01,9.827884886914863500e+02
2.579355756384600351e-01,9.857863294545861663e+02
2.584966152757005586e-01,9.887856340669356996e+02
2.590575555402623298e-01,9.917864025285348362e+02
2.596183948551142318e-01,9.947886348393835760e+02
2.601791316630892026e-01,9.977923309994820329e+02
2.607397644266096215e-01,1.000797491008830093e+03
2.613002916274163034e-01,1.003804114867427529e+03
2.618607117663022121e-01,1.006812202575275137e+03
2.624210233628508915e-01,1.009821754132371893e+03
2.629812249551783387e-01,1.012832769538718708e+03
2.635413150996801512e-01,1.015845248794314784e+03
2.641012923707815041e-01,1.018859191899161033e+03
2.646611553606927347e-01,1.021874598853256316e+03
2.652209026791664259e-01,1.024891469656601885e+03
2.657805329532617611e-01,1.027909804309196716e+03
2.663400448271094345e-01,1.030929602811041150e+03
2.668994369616820017e-01,1.033950865162135415e+03
2.674587080345678380e-01,1.036973591362479056e+03
2.680178567397481504e-01,1.039997781412072754e+03
2.685768817873779302e-01,1.043023435310915829e+03
2.691357819035701815e-01,1.046050553059008507e+03
2.696945558301830359e-01,1.049079134656350789e+03
2.702532023246116966e-01,1.052109180102943128e+03
2.708117201595822698e-01,1.055140689398784843e+03
2.713701081229485945e-01,1.058173662543876162e+03
2.719283650174943445e-01,1.061208099538217311e+03
2.724864896607351317e-01,1.064244000381808064e+03
2.730444808847264926e-01,1.067281365074648420e+03
2.736023375358732079e-01,1.070320193616738152e+03
2.741600719579201373e-01,1.073360413206534986e+03
2.747177176115131458e-01,1.076401837087047852e+03
2.752752944844136795e-01,1.079444351302829091e+03
2.758328014717238430e-01,1.082487955853879157e+03
2.763902374813565488e-01,1.085532650740197596e+03
2.769476014338669856e-01,1.088578435961784635e+03
2.775048922622871950e-01,1.091625311518640274e+03
2.780621089119633127e-01,1.094673277410764285e+03
2.786192503403948639e-01,1.097722333638156897e+03
2.791763155170768895e-01,1.100772480200817881e+03
2.797333034233445703e-01,1.103823717098747693e+03
2.802902130522201829e-01,1.106876044331945650e+03
2.808470434082618317e-01,1.109929461900412434e+03
2.814037935074159558e-01,1.112983969804147591e+03
2.819604623768702245e-01,1.116039568043151348e+03
2.825170490549100966e-01,1.119096256617423705e+03
2.830735525907769889e-01,1.122154035526964435e+03
2.836299720445288330e-01,1.125212904771773538e+03
2.841863064869019628e-01,1.128272864351851467e+03
2.847425549991766114e-01,1.131333914267197770e+03
2.852987166730428514e-01,1.134396054517812672e+03
2.858547906104694780e-01,1.137459285103695947e+03
2.864107759235746120e-01,1.140523606024847822e+03
2.869666717344981910e-01,1.143589017281268298e+03
2.875224771752765140e-01,1.146655518872957146e+03
2.880781913877182854e-01,1.149723110799914821e+03
2.886338135232831004e-01,1.152791793062140641e+03
2.891893427429613195e-01,1.155861565659635289e+03
2.897447782171551078e-01,1.158932428592398310e+03
2.903001191255633051e-01,1.162004381860429930e+03
2.908553646570650741e-01,1.165077425463729696e+03
2.914105140096074908e-01,1.168151559402298517e+03
2.919655663900944664e-01,1.171226783676135710e+03
2.925205210142758916e-01,1.174303098285241276e+03
2.930753771066402225e-01,1.177380503229615215e+03
2.936301339003071775e-01,1.180458998509257981e+03
2.941847906369229326e-01,1.183538584124169347e+03
2.947393465665564816e-01,1.186619260074349086e+03
2.952938009475974401e-01,1.189701026359797197e+03
2.958481530466551268e-01,1.192783882980514136e+03
2.964024021384598084e-01,1.195867829936499447e+03
2.969565475057646120e-01,1.198952867227753131e+03
2.975105884392487687e-01,1.202038994854275643e+03
2.980645242374235226e-01,1.205126212816066527e+03
2.986183542065375951e-01,1.208214521113125784e+03
2.991720776604848697e-01,1.211303919745453868e+03
2.997256939207140203e-01,1.214394408713050325e+03
3.002792023161380275e-01,1.217485988015915382e+03
3.008326021830460273e-01,1.220578657654048584e+03
3.013858928650157143e-01,1.223672417627450841e+03
3.019390737128279656e-01,1.226767267936121243e+03
3.024921440843810760e-01,1.229863208580060473e+03
3.030451033446082132e-01,1.232960239559267848e+03
3.035979508653936509e-01,1.236058360873743823e+03
3.041506860254926115e-01,1.239157572523488625e+03
3.047033082104502189e-01,1.242257874508501800e+03
3.052558168125229510e-01,1.245359266828783348e+03
3.058082112305999800e-01,1.248461749484333723e+03
3.063604908701271778e-01,1.251565322475152016e+03
3.069126611082551026e-01,1.254669936005551108e+03
3.074647394607312734e-01,1.257775439362968882e+03
3.080167375556979725e-01,1.260881731630532158e+03
3.085686549512836052e-01,1.263988812808240937e+03
3.091204912102516467e-01,1.267096682896094990e+03
3.096722458999463523e-01,1.270205341894094545e+03
3.102239185922397446e-01,1.273314789802239829e+03
3.107755088634796548e-01,1.276425026620530616e+03
3.113270162944371533e-01,1.279536052348966905e+03
3.118784404702557023e-01,1.282647866987548241e+03
3.124297809804010839e-01,1.285760470536275534e+03
3.129810374186116628e-01,1.288873862995148102e+03
3.135322093828491474e-01,1.291988044364166171e+03
3.140832964752503509e-01,1.295103014643329971e+03
3.146342983020798401e-01,1.298218773832639272e+03
3.151852144736826955e-01,1.301335321932093620e+03
3.157360446044379376e-01,1.304452658941693699e+03
3.162867883127131186e-01,1.307570784861439279e+03
3.168374452208189695e-01,1.310689699691330361e+03
3.173880149549650476e-01,1.313809403431367173e+03
3.179384971452157704e-01,1.316929896081549032e+03
3.184888914254466741e-01,1.320051177641876620e+03
3.190391974333025016e-01,1.323173248112349484e+03
3.195894148101540710e-01,1.326296107492968076e+03
3.201395432010573083e-01,1.329419755783732171e+03
3.206895822547119468e-01,1.332544192984641768e+03
3.212395316234210041e-01,1.335669419095696412e+03
3.217893909630504257e-01,1.338795434116897013e+03
3.223391599329906154e-01,1.341922238048242889e+03
3.228888381961163567e-01,1.345049830889734267e+03
3.234384254187487873e-01,1.348178212641371601e+03
3.239879212706180400e-01,1.351307383303153756e+03
3.245373254248246075e-01,1.354437342875081868e+03
3.250866375578036482e-01,1.357568091357155026e+03
3.256358573492878494e-01,1.360699628749373687e+03
3.261849844822710121e-01,1.363831955051738305e+03
3.267340186429737448e-01,1.366965070264248197e+03
3.272829595208071596e-01,1.370098974386903365e+03
3.278318068083390102e-01,1.373233667419704261e+03
3.283805602012594416e-01,1.376369149362650887e+03
3.289292193983465729e-01,1.379505420215743015e+03
3.294777841014341346e-01,1.382642479978980418e+03
3.300262540153781621e-01,1.385780328652363096e+03
3.305746288480244655e-01,1.388918966235891503e+03
3.311229083101766002e-01,1.392058392729565185e+03
3.316710921155645031e-01,1.395198608133384596e+03
3.322191799808130175e-01,1.398339612447349282e+03
3.327671716254108625e-01,1.401481405671459697e+03
3.333150667716808235e-01,1.404623987805715387e+03
3.338628651447491102e-01,1.407767358850116580e+03
3.344105664725158245e-01,1.410911518804663274e+03
3.349581704856256503e-01,1.414056467669355470e+03
3.355056769174389886e-01,1.417202205444193396e+03
3.360530855040032572e-01,1.420348732129176597e+03
3.366003959840250248e-01,1.423496047724305527e+03
3.371476080988414781e-01,1.426644152229579504e+03
3.376947215923933321e-01,1.429793045644998983e+03
3.382417362111975190e-01,1.432942727970564647e+03
3.387886517043206536e-01,1.436093199206275131e+03
3.393354678233518884e-01,1.439244459352131344e+03
3.398821843223772676e-01,1.442396508408133059e+03
3.404288043993595192e-01,1.445549297303502726e+03
3.409753361143533223e-01,1.448702708521852628e+03
3.415217841711908897e-01,1.451856673617573279e+03
3.420681484898515645e-01,1.455011192590664450e+03
3.426144289911980945e-01,1.458166265441125233e+03
3.431606255969669728e-01,1.461321892168957220e+03
3.437067382297596674e-01,1.464478072774159273e+03
3.442527668130335727e-01,1.467634807256731619e+03
3.447987112710929614e-01,1.470792095616674487e+03
3.453445715290803242e-01,1.473949937853988104e+03
3.458903475129678773e-01,1.477108333968671786e+03
3.464360391495486247e-01,1.480267283960725990e+03
3.469816463664278650e-01,1.483426787830150261e+03
3.475271690920151979e-01,1.486586845576945279e+03
3.480726072555162531e-01,1.489747457201110592e+03
3.486179607869240860e-01,1.492908622702646198e+03
3.491632296170115723e-01,1.496070342081552099e+03
3.497084136773229157e-01,1.499232615337828520e+03
3.502535129001666525e-01,1.502395442471475462e+03
3.507985272186069370e-01,1.505558823482492699e+03
3.513434565664566023e-01,1.508722758370880229e+03
3.518883008782687782e-01,1.511887247136638280e+03
3.524330600893303411e-01,1.515052289779766625e+03
3.529777341356539200e-01,1.518217886300265491e+03
3.535223229539702916e-01,1.521384036698134878e+03
3.540668264817222743e-01,1.524550740973374104e+03
3.546112446570561794e-01,1.527717999125984306e+03
3.551555774188157599e-01,1.530885811155964802e+03
3.556998247065351060e-01,1.534054177063315137e+03
3.562439864604309836e-01,1.537223096848036448e+03
3.567880626213971174e-01,1.540392570510128053e+03
3.573320531309966963e-01,1.543562598049589951e+03
3.578759579314560457e-01,1.546733179466422143e+03
3.584197769656577992e-01,1.549904314760625084e+03
3.589635101771347370e-01,1.553076003932198319e+03
3.595071575100632910e-01,1.556248246981141847e+03
3.600507189092566618e-01,1.559421043907455669e+03
3.605941943201597111e-01,1.562594394711140012e+03
3.611375836888412461e-01,1.565768299392194876e+03
3.616808869619893008e-01,1.568942757950619807e+03
3.622241040869041973e-01,1.572117770386415259e+03
3.627672350114927724e-01,1.575293336699581005e+03
3.633102796842625493e-01,1.578469456890117499e+03
3.638532380543160194e-01,1.581646130958024287e+03
3.643961100713446477e-01,1.584823358903301141e+03
3.649388956856228772e-01,1.588001140725948744e+03
3.654815948480031884e-01,1.591179476425966413e+03
3.660242075099099934e-01,1.594358366003354831e+03
3.665667336233343065e-01,1.597537809458113543e+03
3.671091731408281378e-01,1.600717806790242548e+03
3.676515260154991083e-01,1.603898357999741847e+03
3.681937922010054542e-01,1.607079463086611668e+03
3.687359716515503649e-01,1.610261122050851554e+03
3.692780643218764869e-01,1.613443334892462190e+03
3.698200701672619828e-01,1.616626101611443346e+03
3.703619891435138700e-01,1.619809422207794569e+03
3.709038212069641904e-01,1.622993296681516313e+03
3.714455663144642372e-01,1.626177725032608805e+03
3.719872244233803915e-01,1.629362707261071364e+03
3.725287954915882382e-01,1.632548243366904444e+03
3.730702794774688469e-01,1.635734333350107590e+03
3.736116763399030538e-01,1.638920977210681485e+03
3.741529860586630396e-01,1.642108174152854644e+03
3.746942109448630487e-01,1.645295833453812065e+03
3.752353533901985894e-01,1.648483865186509775e+03
3.757764135059851185e-01,1.651672269350947545e+03
3.763173914027912459e-01,1.654861045947125376e+03
3.768582871904459508e-01,1.658050194975043269e+03
3.773991009780452988e-01,1.661239716434701222e+03
3.779398328739590474e-01,1.664429610326099237e+03
3.784804829858378072e-01,1.667619876649237312e+03
3.790210514206195924e-01,1.670810515404115449e+03
3.795615382845355934e-01,1.674001526590733874e+03
3.801019436831181153e-01,1.677192910209091906e+03
3.806422677212051853e-01,1.680384666259190226e+03
3.811825105029486016e-01,1.683576794741028834e+03
3.817226721318191518e-01,1.686769295654607276e+03
3.822627527106130518e-01,1.689962168999926007e+03
3.828027523414582745e-01,1.693155414776984799e+03
3.833426711258204334e-01,1.696349032985783651e+03
3.838825091645088339e-01,1.699543023626322338e+03
3.844222665576823017e-01,1.702737386698601540e+03
3.849619434048552891e-01,1.705932122202620576e+03
3.855015398049034814e-01,1.709127230138379900e+03
3.860410558560696814e-01,1.712322710505879058e+03
3.865804916559693605e-01,1.715518563305118050e+03
3.871198473015960428e-01,1.718714788536097558e+03
3.876591228893276897e-01,1.721911386198817127e+03
3.881983185149312510e-01,1.725108356293276756e+03
3.887374342735688271e-01,1.728305698819476220e+03
3.892764702598024429e-01,1.731503413777415744e+03
3.898154265675997099e-01,1.734701501167095330e+03
3.903543032903392107e-01,1.737899960988515431e+03
3.908931005208155507e-01,1.741098793241675367e+03
3.914318183512443539e-01,1.744297997926575135e+03
3.919704568732675365e-01,1.747497575043215193e+03
3.925090161779586362e-01,1.750697524591595311e+03
3.930474963558270862e-01,1.753897846571715263e+03
3.935858974968238777e-01,1.757098540983575731e+03
3.941242196903460004e-01,1.760299607827176033e+03
3.946624630252416610e-01,1.763501047102516623e+03
3.952006275898145016e-01,1.766702858809596819e+03
3.957387134718290400e-01,1.769905042948417531e+03
3.962767207585144447e-01,1.773107599518978304e+03
3.968146495365704185e-01,1.776310528521279139e+03
3.973524998921708073e-01,1.779513829955319807e+03
3.978902719109679298e-01,1.782717503821100763e+03
3.984279656780984058e-01,1.785921550118621781e+03
3.989655812781862099e-01,1.789125968847882632e+03
3.995031187953478335e-01,1.792330760008883999e+03
4.000405783131962267e-01,1.795535923601625200e+03
4.005779599148455716e-01,1.798741459626106689e+03
4.011152636829152796e-01,1.801947368082327785e+03
4.016524896995338767e-01,1.805153648970289396e+03
4.021896380463439447e-01,1.808360302289991068e+03
4.027267088045056176e-01,1.811567328041432802e+03
4.032637020547010787e-01,1.814774726224614597e+03
4.038006178771383903e-01,1.817982496839535997e+03
4.043374563515552134e-01,1.821190639886197914e+03
4.048742175572235813e-01,1.824399155364599892e+03
4.054109015729531751e-01,1.827608043274741931e+03
4.059475084770952646e-01,1.830817303616624031e+03
4.064840383475469832e-01,1.834026936390245965e+03
4.070204912617545467e-01,1.837236941595608187e+03
4.075568672967175288e-01,1.840447319232710697e+03
4.080931665289923016e-01,1.843658069301553041e+03
4.086293885541955606e-01,1.846869159341241357e+03
4.091655324787317749e-01,1.850080520324153895e+03
4.097015979552052767e-01,1.853292115683562770e+03
4.102375851877129165e-01,1.856503945419467755e+03
4.107734943790013471e-01,1.859716009531868849e+03
4.113093257304770711e-01,1.862928308020766508e+03
4.118450794422192640e-01,1.866140840886159822e+03
4.123807557129896550e-01,1.869353608128049700e+03
4.129163547402442958e-01,1.872566609746435915e+03
4.134518767201444400e-01,1.875779845741318013e+03
4.139873218475672023e-01,1.878993316112696903e+03
4.145226903161161047e-01,1.882207020860571674e+03
4.150579823181324568e-01,1.885420959984942556e+03
4.155931980447042928e-01,1.888635133485810002e+03
4.161283376856789729e-01,1.891849541363173330e+03
4.166634014296714539e-01,1.895064183617032995e+03
4.171983894640756696e-01,1.898279060247388998e+03
4.177333019750741339e-01,1.901494171254240882e+03
4.182681391476481547e-01,1.904709516637589559e+03
4.188029011655878264e-01,1.907925096397433890e+03
4.193375882115011888e-01,1.911140910533774786e+03
4.198722004668247743e-01,1.914356959046611564e+03
4.204067381118328228e-01,1.917573241935944907e+03
4.209412013256466079e-01,1.920789759201774359e+03
4.214755902862439840e-01,1.924006510844100148e+03
4.220099051704692128e-01,1.927223496862921820e+03
4.225441461540411225e-01,1.930440717258239829e+03
4.230783134115633226e-01,1.933658172030054857e+03
4.236124071165328075e-01,1.936875861178365312e+03
4.241464274413488944e-01,1.940093784703172105e+03
4.246803745573217159e-01,1.943311942604475234e+03
4.252142486346822126e-01,1.946530334882274246e+03
4.257480498425893489e-01,1.949748961536569823e+03
4.262817783491399393e-01,1.952967822567361736e+03
4.268154343213764745e-01,1.956186917974649532e+03
4.273490179252960042e-01,1.959406247758433437e+03
4.278825293258577966e-01,1.962625811918714135e+03
4.284159686869929984e-01,1.965845610455490487e+03
4.289493361716111286e-01,1.969065643368763403e+03
4.294826319416099603e-01,1.972285910658532202e+03
4.300158561578819594e-01,1.975506412324797338e+03
4.305490089803234444e-01,1.978727148367558812e+03
4.310820905678420245e-01,1.981948118786816622e+03
4.316151010783644271e-01,1.985169323582570769e+03
4.321480406688443243e-01,1.988390762754821026e+03
4.326809094952702162e-01,1.991612436303567620e+03
4.332137077126725355e-01,1.994834344228809869e+03
4.337464354751314199e-01,1.998056486530548909e+03
4.342790929357846497e-01,2.001278863208784060e+03
4.348116802468343645e-01,2.004501474263515320e+03
4.353441975595547242e-01,2.007724319694742917e+03
4.358766450242989587e-01,2.010947399502466851e+03
4.364090227905071950e-01,2.014170713686686895e+03
4.369413310067125633e-01,2.017394262247403503e+03
4.374735698205491907e-01,2.020618045184615539e+03
4.380057393787584186e-01,2.023842062498324367e+03
4.385378398271964628e-01,2.027066314188529304e+03
4.390698713108407425e-01,2.030290800255230351e+03
4.396018339737967628e-01,2.033515520698427736e+03
4.401337279593052210e-01,2.036740475518121229e+03
4.406655534097482230e-01,2.039965664714310833e+03
4.411973104666560008e-01,2.043191088286996774e+03
4.417289992707135182e-01,2.046416746236179279e+03
4.422606199617674094e-01,2.049642638561857893e+03
4.427921719988115457e-01,2.052868755233494085e+03
4.433236516638613955e-01,2.056095038900546115e+03
4.438550559941873974e-01,2.059321442243011461e+03
4.443863852508227463e-01,2.062547965260888759e+03
4.449176396931949218e-01,2.065774607954178919e+03
4.454488195791398986e-01,2.069001370322881485e+03
4.459799251649132490e-01,2.072228252366996912e+03
4.465109567052026329e-01,2.075455254086524747e+03
4.470419144531399547e-01,2.078682375481464533e+03
4.475727986603124098e-01,2.081909616551818090e+03
4.481036095767760852e-01,2.085136977297583144e+03
4.486343474510655627e-01,2.088364457718761514e+03
4.491650125302070751e-01,2.091592057815352291e+03
4.496956050597291643e-01,2.094819777587355475e+03
4.502261252836745609e-01,2.098047617034771065e+03
4.507565734446107863e-01,2.101275576157599062e+03
4.512869497836420329e-01,2.104503654955840375e+03
4.518172545404198770e-01,2.107731853429494095e+03
4.523474879531545478e-01,2.110960171578559766e+03
4.528776502586250863e-01,2.114188609403038299e+03
4.534077416921907799e-01,2.117417166902929694e+03
4.539377624878020434e-01,2.120645844078233495e+03
4.544677128780100217e-01,2.123874640928950157e+03
4.549975930939784141e-01,2.127103557455078317e+03
4.555274033654920229e-01,2.130332593656620247e+03
4.560571439209691880e-01,2.133561749533574130e+03
4.565868149874703907e-01,2.136791025085940419e+03
4.571164167907091347e-01,2.140020420313719569e+03
4.576459495550616041e-01,2.143249935216911126e+03
4.581754135035767672e-01,2.146479569795515545e+03
4.587048088579864236e-01,2.149709324049532370e+03
4.592341358387143635e-01,2.152939197978962056e+03
4.597633946648869707e-01,2.156169191583803695e+03
4.602925855543415490e-01,2.159399304864058195e+03
4.608217087236371468e-01,2.162629537819725556e+03
4.613507643880629949e-01,2.165859890450805324e+03
4.618797527616484433e-01,2.169090362757297498e+03
4.624086740571717868e-01,2.172320954739202080e+03
4.629375284861696471e-01,2.175551666396519522e+03
4.634663162589461316e-01,2.178782497729249826e+03
4.639950375845816599e-01,2.182013448737392082e+03
4.645236926709419012e-01,2.185244519420947199e+03
4.650522817246868779e-01,2.188475709779915178e+03
4.655808049512796809e-01,2.191707019814295109e+03
4.661092625549946855e-01,2.194938449524087900e+03
4.666376547389269325e-01,2.198169998909292644e+03
4.671659817049997332e-01,2.201401667969911159e+03
4.676942436539743286e-01,2.204633456705941626e+03
4.682224407854574943e-01,2.207865365117384499e+03
4.687505732979096451e-01,2.211097393204240234e+03
4.692786413886541608e-01,2.214329540966507921e+03
4.698066452538839921e-01,2.217561808404188923e+03
4.703345850886716528e-01,2.220794195517282333e+03
4.708624610869754923e-01,2.224026702305788604e+03
4.713902734416490214e-01,2.227259328769706826e+03
4.719180223444480737e-01,2.230492074909037910e+03
4.724457079860384656e-01,2.233724940723781401e+03
4.729733305560048784e-01,2.236957926213937753e+03
4.735008902428567978e-01,2.240191031379506967e+03
4.740283872340386728e-01,2.243424256220487678e+03
4.745558217159341341e-01,2.246657600736881250e+03
4.750831938738770410e-01,2.249891064928687683e+03
4.756105038921559225e-01,2.253124648795906978e+03
4.761377519540236358e-01,2.256358352338538680e+03
4.766649382417034175e-01,2.259592175556582333e+03
4.771920593896014640e-01,2.262826090976023806e+03
4.777191085415743443e-01,2.266060043648830742e+03
4.782460824555432866e-01,2.269294006100987644e+03
4.787729814459114608e-01,2.272527978332494058e+03
4.792998058252968541e-01,2.275761960343351348e+03
4.798265559045450934e-01,2.278995952133557694e+03
4.803532319927418248e-01,2.282229953703114916e+03
4.808798343972247591e-01,2.285463965052022104e+03
4.814063634235968836e-01,2.288697986180278804e+03
4.819328193757381196e-01,2.291932017087886379e+03
4.824592025558169239e-01,2.295166057774843011e+03
4.829855132643036120e-01,2.298400108241150065e+03
4.835117517999810710e-01,2.301634168486807994e+03
4.840379184599574725e-01,2.304868238511815434e+03
4.845640135396775960e-01,2.308102318316172386e+03
4.850900373329340431e-01,2.311336407899879759e+03
4.856159901318800043e-01,2.314570507262937099e+03
4.861418722270385295e-01,2.317804616405344404e+03
4.866676839073165173e-01,2.321038735327102131e+03
4.871934254600139291e-01,2.324272864028210279e+03
4.877190971708361134e-01,2.327507002508667938e+03
4.882446993239041300e-01,2.330741150768475109e+03
4.887702322017658529e-01,2.333975308807633155e+03
4.892956960854072390e-01,2.337209476626140713e+03
4.898210912542625972e-01,2.340443654223998692e+03
4.903464179862256356e-01,2.343677841601207092e+03
4.908716765576601193e-01,2.346912038757765458e+03
4.913968672434103624e-01,2.350146245693672427e+03
4.919219903168108310e-01,2.353380462408930725e+03
4.924470460496976343e-01,2.356614688903538536e+03
4.929720347124184054e-01,2.359848925177497222e+03
4.934969565738422936e-01,2.363083171230805419e+03
4.940218119013702891e-01,2.366317427063463583e+03
4.945466009609446600e-01,2.369551692675471713e+03
4.950713240170597773e-01,2.372785968066830264e+03
4.955959813327713848e-01,2.376020253237538782e+03
4.961205731697066468e-01,2.379254548187597265e+03
4.966450997880731966e-01,2.382488852917006170e+03
4.971695614466699054e-01,2.385723167425764132e+03
4.976939584028950425e-01,2.388957491713872969e+03
4.982182909127564896e-01,2.392191825781331772e+03
4.987425592308820099e-01,2.395426169628140542e+03
4.992667636105265205e-01,2.398660523254299278e+03
4.997909043035828058e-01,2.401894886659807980e+03
5.003149815605899553e-01,2.405129259844667104e+03
5.008389956307434110e-01,2.408363642808875738e+03
5.013629467619022950e-01,2.411598035552434794e+03
5.018868352006002898e-01,2.414832438075343816e+03
5.024106611920531318e-01,2.418066850377602350e+03
5.029344249801674938e-01,2.421301272459211759e+03
5.034581268075507543e-01,2.424535704320171135e+03
5.039817669155185476e-01,2.427770145960480022e+03
5.045053455441036450e-01,2.431004597380139330e+03
5.050288629320643929e-01,2.434239058579148605e+03
5.055523193168938167e-01,2.437473529557507845e+03
5.060757149348270589e-01,2.440708010315217052e+03
5.065990500208502612e-01,2.443942500852277135e+03
5.071223248087090019e-01,2.447177001168686274e+03
5.076455395309154017e-01,2.450411511264446290e+03
5.081686944187580046e-01,2.453646031139555362e+03
5.086917897023075508e-01,2.456880560794014855e+03
5.092148256104270798e-01,2.460115100227824769e+03
5.097378023707790362e-01,2.463349649440984649e+03
5.102607202098328187e-01,2.466584208433494496e+03
5.107835793528726631e-01,2.469818777205354763e+03
5.113063704271864074e-01,2.473053303391136069e+03
5.118290821239870336e-01,2.476287723525384536e+03
5.123517127967034401e-01,2.479522026508067938e+03
5.128742628359697076e-01,2.482756212339187641e+03
5.133967326303648937e-01,2.485990281018743190e+03
5.139191225664259122e-01,2.489224232546734584e+03
5.144414330286606329e-01,2.492458066923162733e+03
5.149636643995620933e-01,2.495691784148026272e+03
5.154858170596207101e-01,2.498925384221325658e+03
5.160078913873380468e-01,2.502158867143061798e+03
5.165298877592401361e-01,2.505392232913233329e+03
5.170518065498890259e-01,2.508625481531840705e+03
5.175736481318969906e-01,2.511858612998884837e+03
5.180954128759388544e-01,2.515091627314364814e+03
5.186171011507642037e-01,2.518324524478280182e+03
5.191387133232108209e-01,2.521557304490631395e+03
5.196602497582148983e-01,2.524789967351419364e+03
5.201817108188264704e-01,2.528022513060643178e+03
5.207030968662196280e-01,2.531254941618302837e+03
5.212244082597048411e-01,2.534487253024398342e+03
5.217456453567416164e-01,2.537719447278930147e+03
5.222668085129495985e-01,2.540951524381897798e+03
5.227878980821211163e-01,2.544183484333301294e+03
5.233089144162325068e-01,2.547415327133141545e+03
5.238298578654567716e-01,2.550647052781417187e+03
5.243507287781733472e-01,2.553878661278128675e+03
5.248715275009812053e-01,2.557110152623276463e+03
5.253922543787092891e-01,2.560341526816860096e+03
5.259129097544286147e-01,2.563572783858879575e+03
5.264334939694624849e-01,2.566803923749335354e+03
5.269540073633988131e-01,2.570034946488227433e+03
5.274744502741006702e-01,2.573265852075554903e+03
5.279948230377160545e-01,2.576496640511318674e+03
5.285151259886912145e-01,2.579727311795518290e+03
5.290353594597793085e-01,2.582957865928154206e+03
5.295555237820521732e-01,2.586188302909225968e+03
5.300756192849107595e-01,2.589418622738733575e+03
5.305956462960956799e-01,2.592648825416677028e+03
5.311156051416975332e-01,2.595878910943056781e+03
5.316354961461674522e-01,2.599108879317872834e+03
5.321553196323274282e-01,2.602338730541124278e+03
5.326750759213808584e-01,2.605568464612812022e+03
5.331947653329218717e-01,2.608798081532935612e+03
5.337143881849462090e-01,2.612027581301495502e+03
5.342339447938607710e-01,2.615256963918490783e+03
5.347534354744941654e-01,2.618486229383922819e+03
5.352728605401056994e-01,2.621715377697790700e+03
5.357922203023958163e-01,2.624944408860093972e+03
5.363115150715156432e-01,2.628173322870833999e+03
5.368307451560763166e-01,2.631402119730009417e+03
5.373499108631596410e-01,2.634630799437621135e+03
5.378690124983258602e-01,2.637859361993668699e+03
5.383880503656244265e-01,2.641087807398152563e+03
5.389070247676029934e-01,2.644316135651072727e+03
5.394259360053165198e-01,2.647544346752427828e+03
5.399447843783371503e-01,2.650772440702219683e+03
5.404635701847620988e-01,2.654000417500447384e+03
5.409822937212239724e-01,2.657228277147110930e+03
5.415009552828992101e-01,2.660456019642210777e+03
5.420195551635169640e-01,2.663683644985746469e+03
5.425380936553687583e-01,2.666911153177718006e+03
5.430565710493158171e-01,2.670138544218125844e+03
5.435749876347993892e-01,2.673365818106969982e+03
5.440933436998487416e-01,2.676592974844249511e+03
5.446116300325669624e-01,2.679819970879550510e+03
5.451298290846148253e-01,2.683046724002031169e+03
5.456479329142692736e-01,2.686273195551261324e+03
5.461659420269586729e-01,2.689499385527241429e+03
5.466838569256295965e-01,2.692725293929971940e+03
5.472016781107624794e-01,2.695950920759451492e+03
5.477194060803863840e-01,2.699176266015681904e+03
5.482370413300948764e-01,2.702401329698660902e+03
5.487545843530595713e-01,2.705626111808391215e+03
5.492720356400468962e-01,2.708850612344871024e+03
5.497893956794319692e-01,2.712074831308100329e+03
5.503066649572131430e-01,2.715298768698080039e+03
5.508238439570267708e-01,2.718522424514809700e+03
5.513409331601623053e-01,2.721745798758289311e+03
5.518579330455756216e-01,2.724968891428517964e+03
5.523748440899038936e-01,2.728191702525497476e+03
5.528916667674799168e-01,2.731414232049226484e+03
5.534084015503458742e-01,2.734636479999705898e+03
5.539250489082674367e-01,2.737858446376934808e+03
5.544416093087471964e-01,2.741080131180914123e+03
5.549580832170396549e-01,2.744301534411642933e+03
5.554744710961629917e-01,2.747522656069121695e+03
5.559907734069144958e-01,2.750743496153350407e+03
5.565069906078828899e-01,2.753964054664328614e+03
5.570231231554618745e-01,2.757184331602057682e+03
5.575391715038637841e-01,2.760404326966536246e+03
5.580551022515216619e-01,2.763624203222803771e+03
5.585710174091559344e-01,2.766843472975743225e+03
5.590867821923196646e-01,2.770062785294671812e+03
5.596025319143235199e-01,2.773281492691949552e+03
5.601181325142158274e-01,2.776500241081438617e+03
5.606337185758575314e-01,2.779718386115155681e+03
5.611491567568260841e-01,2.782936570583028697e+03
5.616645809165852210e-01,2.786154153245361613e+03
5.621798584263042464e-01,2.789371773799366565e+03
5.626951224260705597e-01,2.792588794082567802e+03
5.632102409957402411e-01,2.795805850730379007e+03
5.637253465610125858e-01,2.799022308626772883e+03
5.642403079055539061e-01,2.802238801375994171e+03
5.647552567456345374e-01,2.805454696877977767e+03
5.652700625797483225e-01,2.808670625599553659e+03
5.657848563720702106e-01,2.811885958836182454e+03
5.662995083941726460e-01,2.815101323404689083e+03
5.668141488007427675e-01,2.818316094501387852e+03
5.673286486779995919e-01,2.821530894925271696e+03
5.678431373607405463e-01,2.824745103873592143e+03
5.683574867447951373e-01,2.827959340161225555e+03
5.688718253501843236e-01,2.831172986952796236e+03
5.693860258773419947e-01,2.834386659112475627e+03
5.699002160365929104e-01,2.837599743738999223e+03
5.704143009039787104e-01,2.840812699772226097e+03
5.709283126572402001e-01,2.844025374232202921e+03
5.714422516963688636e-01,2.847237767118929696e+03
5.719561184195107728e-01,2.850449878432405967e+03
5.724699132229748022e-01,2.853661708172632643e+03
5.729836365012470623e-01,2.856873256339608815e+03
5.734972886469976716e-01,2.860084522933334483e+03
5.740108700510945239e-01,2.863295507953811011e+03
5.745243811026110592e-01,2.866506211401037035e+03
5.750378221888396979e-01,2.869716633275013010e+03
5.755511936952986130e-01,2.872926773575738935e+03
5.760644960057453856e-01,2.876136632303215265e+03
5.765777295021845550e-01,2.879346209457441091e+03
5.770908945648802746e-01,2.882555505038416868e+03
5.776039655894084079e-01,2.885764409246922696e+03
5.781169169335445002e-01,2.888972811312116846e+03
5.786297490336923532e-01,2.892180710262377943e+03
5.791424625535320780e-01,2.895388106097705986e+03
5.796550581536803470e-01,2.898594998818100976e+03
5.801675364917124877e-01,2.901801388423563367e+03
5.806798982221774708e-01,2.905007274914092704e+03
5.811921439966174496e-01,2.908212658289690353e+03
5.817042744635840812e-01,2.911417538550354493e+03
5.822162902686582875e-01,2.914621915696085580e+03
5.827281920544640226e-01,2.917825789726883613e+03
5.832399804606896998e-01,2.921029160642749048e+03
5.837516561241026247e-01,2.924232028443681429e+03
5.842632196785670917e-01,2.927434393129681212e+03
5.847746717550607043e-01,2.930636254700748395e+03
5.852860129816926937e-01,2.933837613156882071e+03
5.857972439837184631e-01,2.937038468498083148e+03
5.863083653835581277e-01,2.940238820724352081e+03
5.868193778008113926e-01,2.943438669835687051e+03
5.873302818522760926e-01,2.946638015832089877e+03
5.878410781519612938e-01,2.949836858713559650e+03
5.883517673111070545e-01,2.953035198480096824e+03
5.888623499381969717e-01,2.956233035131700944e+03
5.893728266389771653e-01,2.959430368668372012e+03
5.898831980164696009e-01,2.962627199090110025e+03
5.903934646709892986e-01,2.965823526396916350e+03
5.909036272001596535e-01,2.969019350588788257e+03
5.914136861989280902e-01,2.972214671665728019e+03
5.919236422595796077e-01,2.975409489627735184e+03
5.924334959717556526e-01,2.978603804474809749e+03
5.929432479224654440e-01,2.981797616206950352e+03
5.934528986961038477e-01,2.984990924824159265e+03
5.939624488744648101e-01,2.988183730326434670e+03
5.944718990367572342e-01,2.991376032713777022e+03
5.949812497596180805e-01,2.994567831986186775e+03
5.954905016171291310e-01,2.997759128143663929e+03
5.959996551808302012e-01,3.000949921186208485e+03
5.965087110197342390e-01,3.004140211113819532e+03
5.970176697003407584e-01,3.007329997926497981e+03
5.975265317866512715e-01,3.010519281624243831e+03
5.980352978401827224e-01,3.013708062207056173e+03
5.985439684199819199e-01,3.016896339674936371e+03
5.990525440826388603e-01,3.020084114027883061e+03
5.995610253823016045e-01,3.023271385265897152e+03
6.000694128706890451e-01,3.026458153388979099e+03
6.005777070971060061e-01,3.029644418397127083e+03
6.010859086084544556e-01,3.032830180290342923e+03
6.015940179492498263e-01,3.036015439068625710e+03
6.021020356616323399e-01,3.039200194731975898e+03
6.026099622853816618e-01,3.042384447280393033e+03
6.031177983579287805e-01,3.045568196713877569e+03
6.036255444143708848e-01,3.048751443032428597e+03
6.041332009874822440e-01,3.051934186236047026e+03
6.046407686077299726e-01,3.055116426324733311e+03
6.051482478032835788e-01,3.058298163298486088e+03
6.056556391000315065e-01,3.061479397157305357e+03
6.061629430215897951e-01,3.064660127901192936e+03
6.066701600893186219e-01,3.067840355530147463e+03
6.071772908223315168e-01,3.071020080044168481e+03
6.076843357375110166e-01,3.074199301443256900e+03
6.081912953495172136e-01,3.077378019727413175e+03
6.086981701708045200e-01,3.080556234896635942e+03
6.092049395723134753e-01,3.083733861608977350e+03
6.097115679360689544e-01,3.086910753338202994e+03
6.102180409543646045e-01,3.090086848900027690e+03
6.107243594967970424e-01,3.093262148294450526e+03
6.112305244291557083e-01,3.096436651521471958e+03
6.117365366134472904e-01,3.099610358581091987e+03
6.122423969079150430e-01,3.102783269473309247e+03
6.127481061670618789e-01,3.105955384198126467e+03
6.132536652416702427e-01,3.109126702755541828e+03
6.137590749788249811e-01,3.112297225145555785e+03
6.142643362219322167e-01,3.115466951368167429e+03
6.147694498107422190e-01,3.118635881423379033e+03
6.152744165813682775e-01,3.121804015311188323e+03
6.157792373663093510e-01,3.124971353031595754e+03
6.162839129944679417e-01,3.128137894584601781e+03
6.167884442911729659e-01,3.131303639970206859e+03
6.172928320781976286e-01,3.134468589188410078e+03
6.177970771737816280e-01,3.137632742239212348e+03
6.183011803926488081e-01,3.140796099122611849e+03
6.188051425460291410e-01,3.143958659838611311e+03
6.193089644416761574e-01,3.147120424387208914e+03
6.198126468838884850e-01,3.150281392768404658e+03
6.203161906735272790e-01,3.153441564982198543e+03
6.208195966080372052e-01,3.156600941028591933e+03
6.213228654814640928e-01,3.159759520907582555e+03
6.218259980844750290e-01,3.162917304619171773e+03
6.223289952043764561e-01,3.166074292163360951e+03
6.228318576251330452e-01,3.169230483540147361e+03
6.233345861273869026e-01,3.172385878749533276e+03
6.238371814884747790e-01,3.175540477791516878e+03
6.243396444824477198e-01,3.178694280666099985e+03
6.248419758800886070e-01,3.181847287373279869e+03
6.253441764489303667e-01,3.184999497913059713e+03
6.258462469532738437e-01,3.188150912285437244e+03
6.263481881542061203e-01,3.191301530490414279e+03
6.268500008096177245e-01,3.194451352527988547e+03
6.273516856742207271e-01,3.197600378398162320e+03
6.278532434995658384e-01,3.200748608100934234e+03
6.283546750340599507e-01,3.203896041636304744e+03
6.288559810229839009e-01,3.207042679004273850e+03
6.293571622085086803e-01,3.210188520204841097e+03
6.298582193297131981e-01,3.213333565238006940e+03
6.303591531226014899e-01,3.216477814103771379e+03
6.308599643201188156e-01,3.219621266802134414e+03
6.313606536521683132e-01,3.222763923333096045e+03
6.318612218456290952e-01,3.225905783696655817e+03
6.323616696243706814e-01,3.229046847892813730e+03
6.328619977092706517e-01,3.232187115921570694e+03
6.333622068182312992e-01,3.235326587782926708e+03
6.338622976661945074e-01,3.238465263476880409e+03
6.343622709651588476e-01,3.241603143003433161e+03
6.348621274241954549e-01,3.244740226362583599e+03
6.353618677494635714e-01,3.247876513554333087e+03
6.358614926442263116e-01,3.251012004578681172e+03
6.363610028088668713e-01,3.254146699435627397e+03
6.368603989409035160e-01,3.257280598125172219e+03
6.373596817350052346e-01,3.260413700647316091e+03
6.378588518830073939e-01,3.263546007002058104e+03
6.383579100739267265e-01,3.266677517189399168e+03
6.388568569939764297e-01,3.269808231209337919e+03
6.393556933265817088e-01,3.272938149061874810e+03
6.398543874885604943e-01,3.276067143762266369e+03
6.403528921989897205e-01,3.279195025667336267e+03
6.408511926358348987e-01,3.282321732118656655e+03
6.413492899171463479e-01,3.285447263116227077e+03
6.418471851562891350e-01,3.288571618660046624e+03
6.423448794619660562e-01,3.291694798750117116e+03
6.428423739382459479e-01,3.294816803386436732e+03
6.433396696845885554e-01,3.297937632569006837e+03
6.438367677958709567e-01,3.301057286297826522e+03
6.443336693624123201e-01,3.304175764572896696e+03
6.448303754699996615e-01,3.307293067394215996e+03
6.453268871999128242e-01,3.310409194761785784e+03
6.458232056289500145e-01,3.313524146675605607e+03
6.463193318294526701e-01,3.316637923135674555e+03
6.468152668693286644e-01,3.319750524141993992e+03
6.473110118120793954e-01,3.322861949694563464e+03
6.478065677168219905e-01,3.325972199793382515e+03
6.483019356383147302e-01,3.329081274438452056e+03
6.487971166269803636e-01,3.332189173629771176e+03
6.492921117289308652e-01,3.335295897367340331e+03
6.497869219859904177e-01,3.338401445651159065e+03
6.502815484357192810e-01,3.341505818481227834e+03
6.507759921114374402e-01,3.344609015857546638e+03
6.512702540422476982e-01,3.347711037780115475e+03
6.517643352530583245e-01,3.350811884248934348e+03
6.522582367646074797e-01,3.353911555264003255e+03
6.527519595934841989e-01,3.357010050825320832e+03
6.532455047521525948e-01,3.360107370932890262e+03
6.537388732489738397e-01,3.363203515586707908e+03
6.542320660882275929e-01,3.366298484786776498e+03
6.547250842701364260e-01,3.369392278533094668e+03
6.552179287908862504e-01,3.372484896825663327e+03
6.557106006426481892e-01,3.375576339664480656e+03
6.562031008136016696e-01,3.378666607049548929e+03
6.566954302879548511e-01,3.381755698980866782e+03
6.571875900459671627e-01,3.384843615458435579e+03
6.576795810639699535e-01,3.387930356482252591e+03
6.581714043143881421e-01,3.391015922052320548e+03
6.586630607657608660e-01,3.394100312168638084e+03
6.591545513827635761e-01,3.397183526831206109e+03
6.596458771262274645e-01,3.400265566040023714e+03
6.601370389531616700e-01,3.403346429795091353e+03
6.606280378167724843e-01,3.406426118096408118e+03
6.611188746664843352e-01,3.409504630943976281e+03
6.616095504479608813e-01,3.412581968337793114e+03
6.621000661031245516e-01,3.415658130277859982e+03
6.625904225701756411e-01,3.418733116764177339e+03
6.630806207836145161e-01,3.421806927796744731e+03
6.635706616742594877e-01,3.424879563375561247e+03
6.640605461692672407e-01,3.427951023500628708e+03
6.645502751921522622e-01,3.431021308171944838e+03
6.650398496628071587e-01,3.434090417389512822e+03
6.655292704975201978e-01,3.437158351153328567e+03
6.660185386089961801e-01,3.440225109463395711e+03
6.665076549063748690e-01,3.443290692319711525e+03
6.669966202952493095e-01,3.446355099722278283e+03
6.674854356776860342e-01,3.449418331671094620e+03
6.679741019522431600e-01,3.452480388166161447e+03
6.684626200139879293e-01,3.455541269207477399e+03
6.689509533262162355e-01,3.458600830328388838e+03
6.694390416852324943e-01,3.461658834768317320e+03
6.699268625542829092e-01,3.464715190233338944e+03
6.704144173365292891e-01,3.467769896723454622e+03
6.709017074294362226e-01,3.470822954238663442e+03
6.713887342247982781e-01,3.473874362778966315e+03
6.718754991087753092e-01,3.476924122344362331e+03
6.723620034619207653e-01,3.479972232934851945e+03
6.728482486592148870e-01,3.483018694550434702e+03
6.733342360700941276e-01,3.486063507191111967e+03
6.738199670584832379e-01,3.489106670856881465e+03
6.743054429828234664e-01,3.492148185547745470e+03
6.747906651961063096e-01,3.495188051263702619e+03
6.752756350458998247e-01,3.498226268004753365e+03
6.757603538743813809e-01,3.501262835770898164e+03
6.762448230183655262e-01,3.504297754562135196e+03
6.767290438093346294e-01,3.507331024378467646e+03
6.772130175734671909e-01,3.510362645219891419e+03
6.776967456316688176e-01,3.513392617086410155e+03
6.781802292995978698e-01,3.516420939978022489e+03
6.786634698876985450e-01,3.519447613894727965e+03
6.791464687012244150e-01,3.522472638836527040e+03
6.796292270402721769e-01,3.525496014803419257e+03
6.801117461998047453e-01,3.528517741795405527e+03
6.805940274696836711e-01,3.531537819812485395e+03
6.810760721346931224e-01,3.534556248854657952e+03
6.815578814745711922e-01,3.537573028921925015e+03
6.820394567640338801e-01,3.540588160014284767e+03
6.825207992728050677e-01,3.543601642131738572e+03
6.830019102656423868e-01,3.546613475274286429e+03
6.834827910023646425e-01,3.549623659441926065e+03
6.839634427378780135e-01,3.552632194634661573e+03
6.844438667222030315e-01,3.555639080852488860e+03
6.849240642005018920e-01,3.558644318095410199e+03
6.854040364131023244e-01,3.561647906363426046e+03
6.858837845955270129e-01,3.564649845656533671e+03
6.863633099785161340e-01,3.567650135974735804e+03
6.868426137880560001e-01,3.570648777318031534e+03
6.873216972454029294e-01,3.573645769686420408e+03
6.878005615671092254e-01,3.576641113079903334e+03
6.882792079650487116e-01,3.579634807498479859e+03
6.887576376464416006e-01,3.582626852942148616e+03
6.892358518138791412e-01,3.585617249410911882e+03
6.897138516653492646e-01,3.588605996904768745e+03
6.901916383942603428e-01,3.591593095423719205e+03
6.906692131894667241e-01,3.594578544967762809e+03
6.911465772352920478e-01,3.597562345536900011e+03
6.916237317115541128e-01,3.600544497131130811e+03
6.921006777935886367e-01,3.603524999750455208e+03
6.925774166522735698e-01,3.606503853394872749e+03
6.930539494540518541e-01,3.609481058064384797e+03
6.935302773609567373e-01,3.612456613758989533e+03
6.940064015306333101e-01,3.615430520478687868e+03
6.944823231163630428e-01,3.618402778223479800e+03
6.949580432670867669e-01,3.621373386993365330e+03
6.954335631274274343e-01,3.624342346788344912e+03
6.959088838377133213e-01,3.627309657608417183e+03
6.963839498820882934e-01,3.630275104024155098e+03
6.968586872555921907e-01,3.633238399088990263e+03
6.973330788467035912e-01,3.636199471285785421e+03
6.978071263687828374e-01,3.639158320614539662e+03
6.982808315283606238e-01,3.642114947075251621e+03
6.987541960251757445e-01,3.645069350667923118e+03
6.992272215522133960e-01,3.648021531392553698e+03
6.996999097957428138e-01,3.650971489249142905e+03
7.001722624353541313e-01,3.653919224237691196e+03
7.006442811439956841e-01,3.656864736358198570e+03
7.011159675880118680e-01,3.659808025610665027e+03
7.015873234271786663e-01,3.662749091995089657e+03
7.020583503147400650e-01,3.665687935511474279e+03
7.025290498974452458e-01,3.668624556159817530e+03
7.029994238155837794e-01,3.671558953940119409e+03
7.034694737030217082e-01,3.674491128852380371e+03
7.039392011872361854e-01,3.677421080896600870e+03
7.044086078893526670e-01,3.680348810072779543e+03
7.048776954241773307e-01,3.683274316380917753e+03
7.053464654002346013e-01,3.686197599821014592e+03
7.058149194197996801e-01,3.689118660393070058e+03
7.062830590789340723e-01,3.692037498097084608e+03
7.067508859675191157e-01,3.694954112933058695e+03
7.072184016692905084e-01,3.697868504900991411e+03
7.076856077618717267e-01,3.700780674000883209e+03
7.081525058168075537e-01,3.703690620232733636e+03
7.086190973995971643e-01,3.706598343596543145e+03
7.090853840697276533e-01,3.709503844092311738e+03
7.095513673807066768e-01,3.712407121720039413e+03
7.100170488800950919e-01,3.715308176479725716e+03
7.104824301095397088e-01,3.718207008371371103e+03
7.109475126048051541e-01,3.721103617394975117e+03
7.114122978958059562e-01,3.723998003550539124e+03
7.118767875066389639e-01,3.726890166838061305e+03
7.123409829556145434e-01,3.729780107257542113e+03
7.128048857552877760e-01,3.732667824808982459e+03
7.132684974124900990e-01,3.735553319492381434e+03
7.137318194283607253e-01,3.738436591307739945e+03
7.141948532983766196e-01,3.741317640255057086e+03
7.146576005123842501e-01,3.744196466334332854e+03
7.151200625546287881e-01,3.747073069545567705e+03
7.155822409037855270e-01,3.749947449888761639e+03
7.160441370329894140e-01,3.752819607363914656e+03
7.165057524098652486e-01,3.755689541971026756e+03
7.169670884965573254e-01,3.758557253710097029e+03
7.174281467497584108e-01,3.761422742581127295e+03
7.178889286207410514e-01,3.764286008584115280e+03
7.183494355553831090e-01,3.767147051719063256e+03
7.188096689942014006e-01,3.770005871985969861e+03
7.192696303723761231e-01,3.772862469384835094e+03
7.197293211197831608e-01,3.775716843915659865e+03
7.201887426610193987e-01,3.778568995578442809e+03
7.206478964154335864e-01,3.781418924373186201e+03
7.211067837971530947e-01,3.784266630299887311e+03
7.215653678063619347e-01,3.787111969016097191e+03
7.220235597264220706e-01,3.789954600913095874e+03
7.224813095856225109e-01,3.792794330724615975e+03
7.229386194261225862e-01,3.795631158450657949e+03
7.233954912819633432e-01,3.798465084091220888e+03
7.238519271791081788e-01,3.801296107646305245e+03
7.243079291354930227e-01,3.804124229115911021e+03
7.247634991610686361e-01,3.806949448500037306e+03
7.252186392578462426e-01,3.809771765798685465e+03
7.256733514199432689e-01,3.812591181011854133e+03
7.261276376336263105e-01,3.815407694139545583e+03
7.265814998773556521e-01,3.818221305181757543e+03
7.270349401218298979e-01,3.821032014138490467e+03
7.274879603300277164e-01,3.823839821009745265e+03
7.279405624572534705e-01,3.826644725795521481e+03
7.283927484511775186e-01,3.829446728495817752e+03
7.288445202518812893e-01,3.832245829110636350e+03
7.292958797918971392e-01,3.835042027639976823e+03
7.297468289962546484e-01,3.837835324083837349e+03
7.301973697825164811e-01,3.840625718442219750e+03
7.306475040608263471e-01,3.843413210715123114e+03
7.310972337339447513e-01,3.846197800902547442e+03
7.315465606972947343e-01,3.848979489004493644e+03
7.319954868389986213e-01,3.851758275020961719e+03
7.324440140399225418e-01,3.854534158951950303e+03
7.328921441737129561e-01,3.857307140797459851e+03
7.333398791068398426e-01,3.860077220557491728e+03
7.337872206986336687e-01,3.862844398232044114e+03
7.342341708013279122e-01,3.865608673821117918e+03
7.346807312600952544e-01,3.868370047324713596e+03
7.351269039130897687e-01,3.871128518742829783e+03
7.355726905914823366e-01,3.873884088075466934e+03
7.360180931195018372e-01,3.876636755322625959e+03
7.364631133144725617e-01,3.879386520484306402e+03
7.369077529868525156e-01,3.882133383560508264e+03
7.373520139402702789e-01,3.884877344551230635e+03
7.377958979715640853e-01,3.887618403456475335e+03
7.382394068708177937e-01,3.890356560276240543e+03
7.386825424213989688e-01,3.893091815010527171e+03
7.391253063999951856e-01,3.895824167659335217e+03
7.395677005766512213e-01,3.898553618222665136e+03
7.400097267148049163e-01,3.901280166700515110e+03
7.404513865713240328e-01,3.904003813092886958e+03
7.408926818965410055e-01,3.906724557399780679e+03
7.413336144342903555e-01,3.909442399621194909e+03
7.417741859219435518e-01,3.912157339757131012e+03
7.422143980904432059e-01,3.914869377807588080e+03
7.426542526643403752e-01,3.917578513772566112e+03
7.430937513618270929e-01,3.920284747652066017e+03
7.435328958947727829e-01,3.922988079446086886e+03
7.439716879687580109e-01,3.925688509154629173e+03
7.444101292831086791e-01,3.928386036777692425e+03
7.448481207438066853e-01,3.931080285946803087e+03
7.452855585919961889e-01,3.933770861220460574e+03
7.457224400913219364e-01,3.936457743525638307e+03
7.461587676089747045e-01,3.939140932862338104e+03
7.465945435025823640e-01,3.941820429230558148e+03
7.470297701202633922e-01,3.944496232630299801e+03
7.474644498006809412e-01,3.947168343061562155e+03
7.478985848730969055e-01,3.949836760524345664e+03
7.483321776574263229e-01,3.952501485018650328e+03
7.487652304642894441e-01,3.955162516544475238e+03
7.491977455950643572e-01,3.957819855101822213e+03
7.496297253419414997e-01,3.960473500690689434e+03
7.500611719879731742e-01,3.963123453311077810e+03
7.504920878071272838e-01,3.965769712962987342e+03
7.509224750643381796e-01,3.968412279646418028e+03
7.513523360155575093e-01,3.971051153361369870e+03
7.517816729078057314e-01,3.973686334107842413e+03
7.522104879792221865e-01,3.976317821885835656e+03
7.526387834591152792e-01,3.978945616695350509e+03
7.530665615680124381e-01,3.981569718536386063e+03
7.534938245177097427e-01,3.984190127408942772e+03
7.539205745113206625e-01,3.986806843313020181e+03
7.543468137433261278e-01,3.989419866248618746e+03
7.547725443996213812e-01,3.992029196215738921e+03
7.551977686575658266e-01,3.994634833214379341e+03
7.556224886860304357e-01,3.997236777244541372e+03
7.560467066454452656e-01,3.999835028306223649e+03
7.564704246878467542e-01,4.002429586399427080e+03
7.568936449569251268e-01,4.005020451524152122e+03
7.573163695880711366e-01,4.007607623680397865e+03
7.577386007084225827e-01,4.010191102868164762e+03
7.581603404369097188e-01,4.012770889087452360e+03
7.585815908843024369e-01,4.015346982338261114e+03
7.590023541532546769e-01,4.017919382620591023e+03
7.594226323383507227e-01,4.020488089934441632e+03
7.598424275261497218e-01,4.023053104279813851e+03
7.602617417952299839e-01,4.025614425656706317e+03
7.606805772162344992e-01,4.028172054065119937e+03
7.610989358519143488e-01,4.030725989505055168e+03
7.615168197571726694e-01,4.033276231976511099e+03
7.619342309791081735e-01,4.035822781479488640e+03
7.623511715570603364e-01,4.038365638013986427e+03
7.627676435226488083e-01,4.040904801580005369e+03
7.631836488998199330e-01,4.043440272177545467e+03
7.635991897048868271e-01,4.045972049806606265e+03
7.640142679465729003e-01,4.048500134467188218e+03
7.644288856260541554e-01,4.051024526159291327e+03
7.648430447369988228e-01,4.053545224882915136e+03
7.652566700558924850e-01,4.056061943399439315e+03
7.656696419509494422e-01,4.058574227975912891e+03
7.660819183229939933e-01,4.061081912118007494e+03
7.664935018599009497e-01,4.063584995825722217e+03
7.669043952382171847e-01,4.066083479099057058e+03
7.673146011232264696e-01,4.068577361938012473e+03
7.677241221690140893e-01,4.071066644342588006e+03
7.681329610185321233e-01,4.073551326312783658e+03
7.685411203036613959e-01,4.076031407848599429e+03
7.689486026452763134e-01,4.078506888950035318e+03
7.693554106533087023e-01,4.080977769617092235e+03
7.697615469268073163e-01,4.083444049849769726e+03
7.701670140540033405e-01,4.085905729648067336e+03
7.705718146123705647e-01,4.088362809011984154e+03
7.709759511686857802e-01,4.090815287941522456e+03
7.713794262790917289e-01,4.093263166436680876e+03
7.717822424891571664e-01,4.095706444497458961e+03
7.721844023339354823e-01,4.098145122123857618e+03
7.725859083380259840e-01,4.100579199315876394e+03
7.729867630156332936e-01,4.103008676073515744e+03
7.733869688706257461e-01,4.105433552396775667e+03
7.737865283965936758e-01,4.107853828285656164e+03
7.741854440769089241e-01,4.110269503740156324e+03
7.745837183847810170e-01,4.112680578760277058e+03
7.749813537833164512e-01,4.115087053346017456e+03
7.753783527255740937e-01,4.117488927497378427e+03
7.757747176546226919e-01,4.119886201214359971e+03
7.761704510035981608e-01,4.122278874496962089e+03
7.765655551957577618e-01,4.124666947345183871e+03
7.769600326445366134e-01,4.127050419759026227e+03
7.773538857536035351e-01,4.129429291738489155e+03
7.777471169169155596e-01,4.131803563283571748e+03
7.781397285187716673e-01,4.134173234394274914e+03
7.785317229338685197e-01,4.136538305070598653e+03
7.789231025273527509e-01,4.138898775312542057e+03
7.793138696548763678e-01,4.141254645120106943e+03
7.797040266626482641e-01,4.143605914493290584e+03
7.800935758874883996e-01,4.145952583432094798e+03
7.804825196568778711e-01,4.148294651936520495e+03
7.808708602890159778e-01,4.150632120006565856e+03
7.812586000928660734e-01,4.152964987642230881e+03
7.816457413682117439e-01,4.155293254843516479e+03
7.820322864057053236e-01,4.157616921610423560e+03
7.824182374869210754e-01,4.159935987942949396e+03
7.828035968844027082e-01,4.162250453841097624e+03
7.831882624567141349e-01,4.164559929990253295e+03
7.835720981095525284e-01,4.166863898991363385e+03
7.839550724521094915e-01,4.169162232759979815e+03
7.843371884601295640e-01,4.171454931296103496e+03
7.847184490958574177e-01,4.173741994599733516e+03
7.850988573081144617e-01,4.176023422670869877e+03
7.854784160323768916e-01,4.178299215509512578e+03
7.858571281908486306e-01,4.180569373115663439e+03
7.862349966925409328e-01,4.182833895489319730e+03
7.866120244333433265e-01,4.185092782630483271e+03
7.869882142961012184e-01,4.187346034539153152e+03
7.873635691506872814e-01,4.189593651215330283e+03
7.877380918540775045e-01,4.191835632659013754e+03
7.881117852504212484e-01,4.194071978870204475e+03
7.884846521711166289e-01,4.196302689848899718e+03
7.888566954348794624e-01,4.198527765595104938e+03
7.892279178478180945e-01,4.200747206108813771e+03
7.895983222035007909e-01,4.202961011390031672e+03
7.899679112830301220e-01,4.205169181438754094e+03
7.903366878551086883e-01,4.207371716254985586e+03
7.907046546761133943e-01,4.209568615838722508e+03
7.910718144901608406e-01,4.211759880189966680e+03
7.914381700291776012e-01,4.213945509308716282e+03
7.918037240129671694e-01,4.216125503194974044e+03
7.921684791492804578e-01,4.218299861848738146e+03
7.925324381338806345e-01,4.220468585270008589e+03
7.928956036506096261e-01,4.222631673458786281e+03
7.932579783714567290e-01,4.224789126415069404e+03
7.936195649566224475e-01,4.226940944138859777e+03
7.939803660545856623e-01,4.229087126630157400e+03
7.943403843021672461e-01,4.231227673888962272e+03
7.946996223245962332e-01,4.233362585915272575e+03
7.950580827355725466e-01,4.235491862709089219e+03
7.954157681373312805e-01,4.237615504270413112e+03
7.957726811207070927e-01,4.239733510599243345e+03
7.961288242651953784e-01,4.241845881695581738e+03
7.964842001390166626e-01,4.243952617559426471e+03
7.968388112991773298e-01,4.246053718190777545e+03
7.971926602915319071e-01,4.248149183589634958e+03
7.975457496508443489e-01,4.250239013755998712e+03
7.978980819008495429e-01,4.252323208689869716e+03
7.982495696682156971e-01,4.254401430293108206e+03
7.986000590106399066e-01,4.256473088837683463e+03
7.989494862142274556e-01,4.258537932693696348e+03
7.992978544999272961e-01,4.260595961861150499e+03
7.996451670723013772e-01,4.262647176340043188e+03
7.999914271196145732e-01,4.264691576130374415e+03
8.003366378139228354e-01,4.266729161232147817e+03
8.006808023111672279e-01,4.268759931645357938e+03
8.010239237512571941e-01,4.270783887370010234e+03
8.013660052581632609e-01,4.272801028406101068e+03
8.017070499400019701e-01,4.274811354753631349e+03
8.020470608891235864e-01,4.276814866412601077e+03
8.023860411821985839e-01,4.278811563383011162e+03
8.027239938803031327e-01,4.280801445664860694e+03
8.030609220290036987e-01,4.282784513258149673e+03
8.033968286584428631e-01,4.284760766162877189e+03
8.037317167834210352e-01,4.286730204379045063e+03
8.040655894034816065e-01,4.288692827906653292e+03
8.043984495029925519e-01,4.290648636745700969e+03
8.047303000512296967e-01,4.292597630896187184e+03
8.050611440024559862e-01,4.294539810358114664e+03
8.053909842960047527e-01,4.296475175131480682e+03
8.057198238563592074e-01,4.298403725216286148e+03
8.060476655932310441e-01,4.300325460612531970e+03
8.063745124016419297e-01,4.302240381320216329e+03
8.067003671619994432e-01,4.304148487339341045e+03
8.070252327401773451e-01,4.306049778669906118e+03
8.073491119875929600e-01,4.307944255311907909e+03
8.076720077412816723e-01,4.309831917265351876e+03
8.079939228239769733e-01,4.311712764530235290e+03
8.083148600441838472e-01,4.313586797106557242e+03
8.086348221962549321e-01,4.315454014994319550e+03
8.089538120604647942e-01,4.317314418193521306e+03
8.092718324030855337e-01,4.319168006704162508e+03
8.095888859764589496e-01,4.321014780526243158e+03
8.099049755190708133e-01,4.322854739659765073e+03
8.102201037556243657e-01,4.324687884104722798e+03
8.105342137021259719e-01,4.326513985528227749e+03
8.108471313311370610e-01,4.328332367010048074e+03
8.111587427034281372e-01,4.330142579962856871e+03
8.114690512193254435e-01,4.331944624386655960e+03
8.117780602587536531e-01,4.333738500281443521e+03
8.120857731813403424e-01,4.335524207647219555e+03
8.123921933265214612e-01,4.337301746483984971e+03
8.126973240136463605e-01,4.339071116791738859e+03
8.130011685420802658e-01,4.340832318570482130e+03
8.133037301913086381e-01,4.342585351820213873e+03
8.136050122210369828e-01,4.344330216540934998e+03
8.139050178712949890e-01,4.346066912732644596e+03
8.142037503625331185e-01,4.347795440395345395e+03
8.145012128957267450e-01,4.349515799529031938e+03
8.147974086524697457e-01,4.351227990133709682e+03
8.150923407950770860e-01,4.352932012209375898e+03
8.153860124666792997e-01,4.354627865756030587e+03
8.156784267913200770e-01,4.356315550773673749e+03
8.159695868740510782e-01,4.357995067262306293e+03
8.162594958010279678e-01,4.359666415221928219e+03
8.165481566396042279e-01,4.361329594652538617e+03
8.168355724384238625e-01,4.362984605554137488e+03
8.171217462275149890e-01,4.364631447926726651e+03
8.174066810183818754e-01,4.366270121770303376e+03
8.176903798040946469e-01,4.367900627084870393e+03
8.179728455593826553e-01,4.369522963870424974e+03
8.182540812407214093e-01,4.371137132126968027e+03
8.185340897864225029e-01,4.372743131854501371e+03
8.188128741167234326e-01,4.374340963053024097e+03
8.190904371338737500e-01,4.375930625722535297e+03
8.193667817222219929e-01,4.377512119863034968e+03
8.196419107483032818e-01,4.379085445474524022e+03
8.199158270609234744e-01,4.380650602557001548e+03
8.201884805747429175e-01,4.382207383233369910e+03
8.204596730835709284e-01,4.383754996974501410e+03
8.207292596931622386e-01,4.385292861128362347e+03
8.209972438898779368e-01,4.386820975694951812e+03
8.212636291338453187e-01,4.388339340674271625e+03
8.215284188590836756e-01,4.389847956066322695e+03
8.217916164736235318e-01,4.391346821871104112e+03
8.220532253596274375e-01,4.392835938088613148e+03
8.223132488735087620e-01,4.394315304718854350e+03
8.225716903460509322e-01,4.395784921761824990e+03
8.228285530825232286e-01,4.397244789217524158e+03
8.230838403627966926e-01,4.398694907085954583e+03
8.233375554414595898e-01,4.400135275367114446e+03
8.235897015479304306e-01,4.401565894061005565e+03
8.238402818865721011e-01,4.402986763167625213e+03
8.240892996368012202e-01,4.404397882686976118e+03
8.243367579532004941e-01,4.405799252619057370e+03
8.245826599656279621e-01,4.407190872963867150e+03
8.248270087793246885e-01,4.408572743721407278e+03
8.250698074750231203e-01,4.409944864891676843e+03
8.253110591090528914e-01,4.411307236474677666e+03
8.255507667134474037e-01,4.412659858470407926e+03
8.257889332960468565e-01,4.414002730878868533e+03
8.260255618406029399e-01,4.415335853700058578e+03
8.262606553068800874e-01,4.416659226933978971e+03
8.264942166307587268e-01,4.417972850580628801e+03
8.267262487243335345e-01,4.419276724640008979e+03
8.269567544760151323e-01,4.420570849112119504e+03
8.271857367506273429e-01,4.421855223996959467e+03
8.274130714032553735e-01,4.423129331281512350e+03
8.276385282744351812e-01,4.424392219347499122e+03
8.278620044962340385e-01,4.425643454589670000e+03
8.280835035128737420e-01,4.426883037008019528e+03
8.283030287334803843e-01,4.428110966602552253e+03
8.285205835322273504e-01,4.429327243373264537e+03
8.287361712484688780e-01,4.430531867320159108e+03
8.289497951868780579e-01,4.431724838443235058e+03
8.291614586175800605e-01,4.432906156742491476e+03
8.293711647762841421e-01,4.434075822217929272e+03
8.295789168644150946e-01,4.435233834869547536e+03
8.297847180492420316e-01,4.436380194697348088e+03
8.299885714640067302e-01,4.437514901701330018e+03
8.301904802080490864e-01,4.438637955881492417e+03
8.303904473469329028e-01,4.439749357237836193e+03
8.305884759125676808e-01,4.440849105770360438e+03
8.307845689033307446e-01,4.441937201479066971e+03
8.309787292841879225e-01,4.443013644363954882e+03
8.311709599868122300e-01,4.444078434425023261e+03
8.313612639096996659e-01,4.445131571662273018e+03
8.315496439182864519e-01,4.446173056075704153e+03
8.317361028450624971e-01,4.447202887665316666e+03
8.319206434896844193e-01,4.448221066431109648e+03
8.321032686190868999e-01,4.449227592373083098e+03
8.322838825211141822e-01,4.450222044006856777e+03
8.324622068594920155e-01,4.451203217139698609e+03
8.326380620678994759e-01,4.452170329063252211e+03
8.328114514208869723e-01,4.453123379777525770e+03
8.329823781434777530e-01,4.454062369282512009e+03
8.331508454113170092e-01,4.454987297578213656e+03
8.333168563508266402e-01,4.455898164664631622e+03
8.334804140393545779e-01,4.456794970541765906e+03
8.336415215053227801e-01,4.457677715209615599e+03
8.338001817283700046e-01,4.458546398668180700e+03
8.339563976394964717e-01,4.459401020917459391e+03
8.341101721212007547e-01,4.460241581957456219e+03
8.342615080076201117e-01,4.461068081788167547e+03
8.344104080846638238e-01,4.461880520409592464e+03
8.345568750901439792e-01,4.462678897821735518e+03
8.347009117139094769e-01,4.463463214024593981e+03
8.348425205979710384e-01,4.464233469018166943e+03
8.349817043366253300e-01,4.464989662802456223e+03
8.351184654765811954e-01,4.465731795377460003e+03
8.352528065170766736e-01,4.466459866743180100e+03
8.353844303047108788e-01,4.467172518630682134e+03
8.355129750946058698e-01,4.467868098513625227e+03
8.356383789276389251e-01,4.468546312134599248e+03
8.357606446956221680e-01,4.469207159493602376e+03
8.358797752154820682e-01,4.469850640590637340e+03
8.359957732294271970e-01,4.470476755425700503e+03
8.361086414051042137e-01,4.471085503998794593e+03
8.362183823357572932e-01,4.471676886309920519e+03
8.363249985403777842e-01,4.472250902359075553e+03
8.364284924638514251e-01,4.472807552146261514e+03
8.365288664771008964e-01,4.473346835671478402e+03
8.366261228772238212e-01,4.473868752934724398e+03
8.367202638876264364e-01,4.474373303936000411e+03
8.368112916581520455e-01,4.474860488675307352e+03
8.368991679871867762e-01,4.475330113403113501e+03
8.369833558822600272e-01,4.475779584778660137e+03
8.370633589335675362e-01,4.476206503210718438e+03
8.371391795475433550e-01,4.476610868699292951e+03
8.372108200033148151e-01,4.476992681244380947e+03
8.372782824528726131e-01,4.477351940845983336e+03
8.373415689212339030e-01,4.477688647504100118e+03
8.374006813065957289e-01,4.478002801218728564e+03
8.374556213804772442e-01,4.478294401989872313e+03
8.375063907878546043e-01,4.478563449817530454e+03
8.375529178760365845e-01,4.478809602097716379e+03
8.375948286314108815e-01,4.479031100835688449e+03
8.376318221935505903e-01,4.479226530640691635e+03
8.376638998519257973e-01,4.479395891512725939e+03
8.376910627241465068e-01,4.479539183451790450e+03
8.377133117560594533e-01,4.479656406457886078e+03
8.377306477218310343e-01,4.479747560531012823e+03
